username,password,firstname,lastname,email
khanhminh,123,Minh,Nguyen,khanhminh.pcbentre@gmail.com
thungoc,123,Ngoc,Chau,thungoc.pcbentre@gmail.com
hongkhanh,123,Khanh,Phan,khanhpcbtr@gmail.com
ngothai,123,Thai,Vo,ngothai@gmail.com
quanghuy,123,Huy,Tran,tranhuy.pcbtr@gmail.com
chicong,123,Cong,Pham,chicong.sge@gmail.com
phuonghung,123,Hung,Nguyen,phuonghung01@gmail.com
ngocduyen,123,Duyen,Nguyen,ngocduyendlgt3131@gmail.com
minhhuan,123,Huan,Khong,cnttdlbatri@gmail.com
vietduc,123,Duc,Nguyen,vietduc.km07@gmail.com
thanhhuyen,123,Huyen,Vo,hathanh65068@gmail.com
anhtuan,123,Tuan,Trang,trangtuanevn77@gmail.com
huuphuc,123,Phuc,Nguyen,nlhuuphuc2013@gmail.com
baoxuyen,123,Xuyen,Nguyen,n.baoxuyen@gmail.com
trongnguyen,123,Nguyen,Tran,nguyentt0886@gmail.com
